ROW_ID,INDEX,ORIGEM,ESPÉCIE/LINHAGEM,% DMSO,TREHALOSE,% SFB,% MEIO DE CULTURA,VIABILIDADE ANTES,VIABILIDADE,TESTE DE VIABILIDADE
1,118,base_original,HepG2,2,0,98,0,97.48,97.33,2
2,119,base_original,HepG2,2,0,98,0,97.48,93.33,2
3,120,base_original,HepG2,2,0,98,0,97.48,92.75,2
4,121,base_original,HepG2,2,0,98,0,97.48,94.66,2
5,122,base_original,HepG2,2,0,98,0,97.48,95.83,2
6,123,base_original,HepG2,2,0,98,0,97.48,97.1,2
7,124,base_original,HepG2,2,0,98,0,97.48,95,2
8,125,base_original,HepG2,2,0,98,0,97.48,94.8,2
9,126,base_original,HepG2,2,0,98,0,97.48,96,2
10,127,base_original,HepG2,2,0,98,0,97.48,95.25,2
11,128,base_original,HepG2,5,0,95,0,97.48,96.8,2
12,129,base_original,HepG2,5,0,95,0,97.48,94.45,2
13,130,base_original,HepG2,5,0,95,0,97.48,96,2
14,131,base_original,HepG2,5,0,95,0,97.48,95.07,2
15,132,base_original,HepG2,5,0,95,0,97.48,90,2
16,133,base_original,HepG2,5,0,95,0,97.48,93,2
17,134,base_original,HepG2,5,0,95,0,97.48,89.71,2
18,135,base_original,HepG2,5,0,95,0,97.48,96.7,2
19,136,base_original,HepG2,5,0,95,0,97.48,97,2
20,137,base_original,HepG2,10,0,90,0,97.7,96.8,2
21,138,base_original,HepG2,10,0,90,0,97.7,90.5,2
22,139,base_original,HepG2,10,0,90,0,97.7,87.2,2
23,140,base_original,HepG2,10,0,90,0,97.7,94,2
24,141,base_original,HepG2,10,0,90,0,97.7,97,2
25,142,base_original,HepG2,10,0,90,0,97.7,89,2
26,143,base_original,HepG2,10,0,90,0,97.7,90,2
27,144,base_original,HepG2,10,0,90,0,97.7,92.7,2
28,145,base_original,HepG2,10,0,90,0,97.7,89.5,2
29,146,base_original,HepG2,10,0,90,0,97.7,90,2
30,147,base_original,HepG2,15,0,85,0,97.7,95.25,2
31,148,base_original,HepG2,15,0,85,0,97.7,95.2,2
32,149,base_original,HepG2,15,0,85,0,97.7,94.6,2
33,150,base_original,HepG2,15,0,85,0,97.7,93.4,2
34,151,base_original,HepG2,15,0,85,0,97.7,85.25,2
35,152,base_original,HepG2,15,0,85,0,97.7,90.4,2
36,153,base_original,HepG2,15,0,85,0,97.7,80.5,2
37,154,base_original,HepG2,15,0,85,0,97.7,92,2
38,155,base_original,HepG2,15,0,85,0,97.7,94.7,2
39,156,base_original,HepG2,20,0,80,0,97.48,80.25,2
40,157,base_original,HepG2,20,0,80,0,97.48,79.25,2
41,158,base_original,HepG2,20,0,80,0,97.48,65,2
42,159,base_original,HepG2,20,0,80,0,97.48,67,2
43,160,base_original,HepG2,20,0,80,0,97.48,75,2
44,161,base_original,HepG2,20,0,80,0,97.48,62.8,2
45,162,base_original,HepG2,20,0,80,0,97.48,73.4,2
46,163,base_original,HepG2,20,0,80,0,97.48,59,2
47,164,base_original,HepG2,20,0,80,0,97.48,67.7,2
48,165,base_original,HepG2,20,0,80,0,97.48,81,2
49,166,base_original,HepG2,25,0,75,0,97.7,48.88,2
50,167,base_original,HepG2,25,0,75,0,97.7,43.13,2
51,168,base_original,HepG2,25,0,75,0,97.7,47.91,2
52,169,base_original,HepG2,25,0,75,0,97.7,39.5,2
53,167,base_original,HepG2,25,0,75,0,97.7,25,2
54,168,base_original,HepG2,25,0,75,0,97.7,22.5,2
55,169,base_original,HepG2,25,0,75,0,97.7,35,2
56,170,base_original,HepG2,25,0,75,0,97.7,32,2
57,171,base_original,HepG2,30,0,70,0,91.48,1.6,2
58,172,base_original,HepG2,30,0,70,0,91.48,4.2,2
59,173,base_original,HepG2,30,0,70,0,91.48,2,2
60,174,base_original,HepG2,30,0,70,0,91.48,0,2
61,175,base_original,HepG2,30,0,70,0,91.48,0,2
62,176,base_original,HepG2,30,0,70,0,91.48,2.3,2
63,177,base_original,HepG2,30,0,70,0,91.48,4,2
64,178,base_original,HepG2,30,0,70,0,91.48,2.3,2
65,179,base_original,HepG2,30,0,70,0,91.48,3.8,2
66,180,base_original,HepG2,30,0,70,0,91.48,1.56,2
67,181,base_original,HepG2,30,0,70,0,91.48,1.6,2
68,182,base_original,HepG2,30,0,70,0,91.48,0,2
69,183,base_original,HepG2,30,0,70,0,91.48,1.8,2
70,184,base_original,HepG2,30,0,70,0,91.48,4,2
71,185,base_original,HepG2,30,0,70,0,91.48,1.6,2
72,186,base_original,HepG2,50,0,50,0,97.48,0,2
73,187,base_original,HepG2,50,0,50,0,97.48,0,2
74,188,base_original,HepG2,50,0,50,0,97.48,0,2
75,189,base_original,HepG2,50,0,50,0,97.48,0,2
76,190,base_original,HepG2,50,0,50,0,97.48,0,2
77,191,base_original,HepG2,50,0,50,0,97.48,0,2
78,192,base_original,HepG2,50,0,50,0,97.48,0,2
79,193,base_original,HepG2,50,0,50,0,97.48,0,2
80,194,base_original,HepG2,50,0,50,0,97.48,0,2
81,195,base_original,HepG2,50,0,50,0,97.48,0,2
82,196,base_original,HepG2,0,0,100,0,94.06,0,2
83,197,base_original,HepG2,0,0,100,0,94.06,0,2
84,198,base_original,HepG2,0,0,100,0,94.06,0,2
85,199,base_original,HepG2,0,0,100,0,94.06,0,2
86,200,base_original,HepG2,0,0,100,0,94.06,0,2
87,201,base_original,HepG2,0,0,100,0,94.06,0,2
88,202,base_original,HepG2,0,0,100,0,94.06,0,2
89,203,base_original,HepG2,0,0,100,0,94.06,0,2
90,204,base_original,HepG2,0,0,10,90,95.4,0,2
91,205,base_original,HepG2,0,0,10,90,95.4,0,2
92,206,base_original,HepG2,0,0,10,90,95.4,0,2
93,207,base_original,HepG2,0,0,10,90,95.4,0,2
94,208,base_original,HepG2,0,0,10,90,95.4,0,2
95,209,base_original,HepG2,0,0,10,90,95.4,0,2
96,210,base_original,HepG2,0,0,10,90,95.4,0,2
97,211,base_original,HepG2,0,0,10,90,95.4,0,2
98,212,base_original,HepG2,0,20,80,0,90.4,78.9,2
99,213,base_original,HepG2,0,20,80,0,90.4,76.25,2
100,214,base_original,HepG2,0,20,80,0,90.4,81.2,2
101,215,base_original,HepG2,0,20,80,0,90.4,81.7,2
102,216,base_original,HepG2,0,20,80,0,90.4,72,2
103,217,base_original,HepG2,0,30,70,0,90.4,67,2
104,218,base_original,HepG2,0,30,70,0,90.4,59.2,2
105,219,base_original,HepG2,0,30,70,0,90.4,65.5,2
106,220,base_original,HepG2,0,30,70,0,90.4,63,2
107,221,base_original,HepG2,0,30,70,0,90.4,60,2
108,222,base_original,HepG2,0,40,60,0,90.4,62,2
109,223,base_original,HepG2,0,40,60,0,90.4,58.25,2
110,224,base_original,HepG2,0,40,60,0,90.4,55.47,2
111,225,base_original,HepG2,0,40,60,0,90.4,61.32,2
112,226,base_original,HepG2,0,40,60,0,90.4,50.5,2
113,227,base_original,HepG2,0,50,50,0,90.4,54.8,2
114,228,base_original,HepG2,0,50,50,0,90.4,49,2
115,229,base_original,HepG2,0,50,50,0,90.4,54.5,2
116,230,base_original,HepG2,0,50,50,0,90.4,47.7,2
117,231,base_original,HepG2,0,50,50,0,90.4,56,2
118,232,base_original,HepG2,0,80,20,0,90.4,29,2
119,233,base_original,HepG2,0,80,20,0,90.4,15.5,2
120,234,base_original,HepG2,0,80,20,0,90.4,17,2
121,235,base_original,HepG2,0,80,20,0,90.4,21.5,2
122,236,base_original,HepG2,0,80,20,0,90.4,22,2
123,237,base_original,HepG2,5,20,75,0,92.14,72,2
124,238,base_original,HepG2,5,20,75,0,92.14,78.5,2
125,239,base_original,HepG2,5,20,75,0,92.14,76.7,2
126,230,base_original,HepG2,5,20,75,0,92.14,69.2,2
127,231,base_original,HepG2,5,20,75,0,92.14,65,2
128,232,base_original,HepG2,5,50,45,0,92.14,53.42,2
129,233,base_original,HepG2,5,50,45,0,92.14,54.44,2
130,234,base_original,HepG2,5,50,45,0,92.14,38.88,2
131,235,base_original,HepG2,5,50,45,0,92.14,60,2
132,236,base_original,HepG2,5,50,45,0,92.14,67,2
133,237,base_original,HepG2,5,30,65,0,94.6,70.4,2
134,238,base_original,HepG2,5,30,65,0,94.6,68.2,2
135,239,base_original,HepG2,5,30,65,0,94.6,71.8,2
136,240,base_original,HepG2,5,30,65,0,94.6,77,2
137,241,base_original,HepG2,5,30,65,0,94.6,64.24,2
138,242,base_original,HepG2,5,80,15,0,94.6,45,2
139,243,base_original,HepG2,5,80,15,0,94.6,38.9,2
140,244,base_original,HepG2,5,80,15,0,94.6,41.8,2
141,245,base_original,HepG2,5,80,15,0,94.6,40,2
142,246,base_original,HepG2,5,80,15,0,94.6,31.73,2
143,247,base_original,HepG2,0,100,0,0,94.6,0,2
144,248,base_original,HepG2,0,100,0,0,94.6,0,2
145,249,base_original,HepG2,0,100,0,0,94.6,0,2
146,250,base_original,HepG2,0,100,0,0,94.6,0,2
147,251,base_original,HepG2,0,100,0,0,94.6,0,2
148,252,maio_2025,HepG2,5,0,95,0,96.3,91.6,
149,253,maio_2025,HepG2,5,0,95,0,75,64.5,
150,254,maio_2025,HepG2,60,0,40,0,100,0,
151,255,maio_2025,HepG2,60,0,40,0,96.3,0,
152,256,maio_2025,HepG2,60,0,40,0,96.3,0,
153,257,maio_2025,HepG2,60,0,40,0,75,0,
154,258,maio_2025,HepG2,60,0,40,0,75,0,
155,259,maio_2025,HepG2,60,0,40,0,75,0,
156,260,maio_2025,HepG2,70,0,30,0,96.3,0,
157,261,maio_2025,HepG2,70,0,30,0,96.3,0,
158,262,maio_2025,HepG2,70,0,30,0,96.3,0,
159,263,maio_2025,HepG2,70,0,30,0,75,0,
160,264,maio_2025,HepG2,70,0,30,0,75,0,
161,265,maio_2025,HepG2,70,0,30,0,75,0,
162,266,maio_2025,HepG2,80,0,20,0,96.3,0,
163,267,maio_2025,HepG2,80,0,20,0,96.3,0,
164,268,maio_2025,HepG2,80,0,20,0,96.3,0,
165,269,maio_2025,HepG2,80,0,20,0,75,0,
166,270,maio_2025,HepG2,80,0,20,0,75,0,
167,271,maio_2025,HepG2,80,0,20,0,75,0,
168,272,maio_2025,HepG2,90,0,10,0,100,0,
169,273,maio_2025,HepG2,90,0,10,0,96.3,0,
170,274,maio_2025,HepG2,90,0,10,0,96.3,0,
171,275,maio_2025,HepG2,90,0,10,0,96.3,0,
172,276,maio_2025,HepG2,90,0,10,0,75,0,
173,277,maio_2025,HepG2,90,0,10,0,75,0,
174,278,maio_2025,HepG2,100,0,0,0,100,0,
175,279,maio_2025,HepG2,100,0,0,0,96.3,0,
176,280,maio_2025,HepG2,100,0,0,0,96.3,0,
177,281,maio_2025,HepG2,100,0,0,0,96.3,0,
178,282,maio_2025,HepG2,100,0,0,0,75,0,
179,283,maio_2025,HepG2,100,0,0,0,75,0,
180,284,maio_2025,HepG2,100,0,0,0,75,0,
181,285,dez_2025_trealose,HepG2,0,5,95,0,93.75,3,
182,286,dez_2025_trealose,HepG2,0,5,95,0,100,12.15,
183,287,dez_2025_trealose,HepG2,0,5,95,0,91.6,0.94,
184,288,dez_2025_trealose,HepG2,0,5,95,0,91.6,0,
185,289,dez_2025_trealose,HepG2,0,10,90,0,93.75,1,
186,290,dez_2025_trealose,HepG2,0,10,90,0,100,17.05,
187,291,dez_2025_trealose,HepG2,0,10,90,0,91.6,5.59,
188,292,dez_2025_trealose,HepG2,0,10,90,0,91.6,1.38,
189,293,dez_2025_trealose,HepG2,0,20,80,0,93.75,0,
190,294,dez_2025_trealose,HepG2,0,20,80,0,100,3.35,
191,295,dez_2025_trealose,HepG2,0,20,80,0,91.6,4.25,
192,296,dez_2025_trealose,HepG2,0,20,80,0,91.6,0,
193,297,dez_2025_trealose,HepG2,0,30,70,0,93.75,0,
194,298,dez_2025_trealose,HepG2,0,30,70,0,91.6,11.84,
195,299,dez_2025_trealose,HepG2,0,30,70,0,91.6,7.69,
196,300,dez_2025_trealose,HepG2,0,40,60,0,93.75,0,
197,301,dez_2025_trealose,HepG2,0,40,60,0,100,8.13,
198,302,dez_2025_trealose,HepG2,0,40,60,0,91.6,3.7,
199,303,dez_2025_trealose,HepG2,0,50,50,0,93.75,7.25,
200,304,dez_2025_trealose,HepG2,0,50,50,0,100,11.7,
201,305,dez_2025_trealose,HepG2,0,50,50,0,91.6,2,
202,306,dez_2025_trealose,HepG2,0,60,40,0,93.75,0,
203,307,dez_2025_trealose,HepG2,0,60,40,0,100,16,
204,308,dez_2025_trealose,HepG2,0,60,40,0,91.6,3.91,
205,309,dez_2025_trealose,HepG2,0,70,30,0,93.75,47.5,
206,310,dez_2025_trealose,HepG2,0,70,30,0,100,12.65,
207,311,dez_2025_trealose,HepG2,0,70,30,0,91.6,6.47,
208,312,dez_2025_trealose,HepG2,0,80,20,0,93.75,2.5,
209,313,dez_2025_trealose,HepG2,0,80,20,0,100,7.2,
210,314,dez_2025_trealose,HepG2,0,80,20,0,100,13.2,
211,315,dez_2025_trealose,HepG2,0,80,20,0,91.6,15.64,
212,316,dez_2025_trealose,HepG2,0,90,10,0,93.75,19,
213,317,dez_2025_trealose,HepG2,0,90,10,0,100,3,
214,318,dez_2025_trealose,HepG2,0,90,10,0,100,6,
215,319,dez_2025_trealose,HepG2,0,90,10,0,91.6,17.7,
216,320,dez_2025_trealose,HepG2,0,100,0,0,93.75,0,
217,321,dez_2025_trealose,HepG2,0,100,0,0,100,14.2,
218,322,dez_2025_trealose,HepG2,0,100,0,0,100,15.4,
219,323,dez_2025_trealose,HepG2,0,100,0,0,91.6,12.69,
220,324,dez_2025_dmso_trealose,HepG2,5,5,90,0,90.3,56.57,
221,325,dez_2025_dmso_trealose,HepG2,5,5,90,0,90.3,72.8,
222,326,dez_2025_dmso_trealose,HepG2,5,10,85,0,90.3,63.27,
223,327,dez_2025_dmso_trealose,HepG2,5,10,85,0,90.3,69.12,
224,328,dez_2025_dmso_trealose,HepG2,5,20,75,0,90.3,57.55,
225,329,dez_2025_dmso_trealose,HepG2,5,20,75,0,90.3,55.51,
226,330,dez_2025_dmso_trealose,HepG2,5,30,65,0,90.3,73.75,
227,331,dez_2025_dmso_trealose,HepG2,5,30,65,0,90.3,57.27,
228,332,dez_2025_dmso_trealose,HepG2,10,5,85,0,90.3,76.3,
229,333,dez_2025_dmso_trealose,HepG2,10,5,85,0,90.3,83.07,
230,334,dez_2025_dmso_trealose,HepG2,10,10,80,0,90.3,64.28,
231,335,dez_2025_dmso_trealose,HepG2,10,10,80,0,90.3,79.47,
232,336,dez_2025_dmso_trealose,HepG2,10,20,70,0,90.3,79.2,
233,337,dez_2025_dmso_trealose,HepG2,10,20,70,0,90.3,82.9,
234,338,dez_2025_dmso_trealose,HepG2,10,30,60,0,90.3,59.42,
235,339,dez_2025_dmso_trealose,HepG2,10,30,60,0,90.3,86.75,
